{
    "rmse": 0.3980501245573679,
    "mae": 0.5311041628815718,
    "interval": 0.44521243332219307,
    "coverage": 0.32,
    "quantiles_score": -6.2204405936145495
}