{
    "rmse": 2.8367683290482755,
    "mae": 2.2468432566404624,
    "interval": 0.3018809928708155,
    "coverage": 0.07,
    "quantiles_score": -8.456535127838796
}