{
    "rmse": 0.16570084635333313,
    "mae": 0.31244674372750364,
    "interval": 0.30863811220146337,
    "coverage": 0.68,
    "quantiles_score": 1.1723510434170086
}