{
    "rmse": 5.314028836045072,
    "mae": 3.175573223855595,
    "interval": 0.317105635798889,
    "coverage": 0.05,
    "quantiles_score": -8.656640748591046
}