{
    "rmse": 0.20799505749190886,
    "mae": 0.3146596412889788,
    "interval": 0.28273230529624954,
    "coverage": 0.33,
    "quantiles_score": -5.616640407685975
}