{
    "rmse": 0.15900182780574912,
    "mae": 0.30841440785569385,
    "interval": 0.30487268673395757,
    "coverage": 0.65,
    "quantiles_score": 1.1845863200302202
}