{
<<<<<<< HEAD
    "rmse": 0.15268851208758258,
    "mae": 0.3027948256244659,
    "interval": 0.3005233013637601,
    "coverage": 0.63,
    "quantiles_score": 1.1989079810126215
=======
    "rmse": 0.19333171795125692,
    "mae": 0.33998545454545465,
    "interval": 0.3328282828282829,
    "coverage": 0.57,
    "quantiles_score": 1.0660696342220135
>>>>>>> upstream/master
}