{
    "rmse": 0.15268851208758258,
    "mae": 0.3027948256244659,
    "interval": 0.3005233013637601,
    "coverage": 0.63,
    "quantiles_score": 1.1989079810126215
}